{"mins": {"A": 0.0, "mu": 2.505408521410805}, "maxs": {"A": 1.2755340868235003, "mu": 5.166008266666665}, "n_gaussians": 3, "params_per_peak": 2}