{"mins": {"A": 0.0, "mu": 2.4796839680000002}, "maxs": {"A": 1.0, "mu": 5.166008266666665}, "n_gaussians": 5, "params_per_peak": 2}