{
  "global": {
    "random_state": 26,
    "max_iter": 200
  },
  "name": "bace",
  "format": "bandit",
  "target": [
    [
      -1.6315107345581055
    ],
    [
      -0.8376103639602661
    ],
    [
      -0.16465352475643158
    ],
    [
      0.5215142965316772
    ],
    [
      1.1013702154159546
    ]
  ],
  "epsilon": 0.2899
}