{
  "global": {
    "random_state": 26,
    "max_iter": 200
  },
  "name": "branin",
  "format": "surface",
  "target": [
    [
      14.109877825360051
    ],
    [
      44.57501936523877
    ],
    [
      84.18868835147997
    ],
    [
      129.11744911641483
    ],
    [
      187.3741393110042
    ]
  ],
  "epsilon": 15.2326,
  "output_standardized": false
}