{
  "global": {
    "random_state": 26,
    "max_iter": 200
  },
  "name": "esol",
  "format": "bandit",
  "target": [
    [
      -1.879774808883667
    ],
    [
      -0.7554802298545837
    ],
    [
      -0.1478826403617859
    ],
    [
      0.4262251555919647
    ],
    [
      1.1629970073699951
    ]
  ],
  "epsilon": 0.2871
}