{
  "global": {
    "random_state": 26,
    "max_iter": 128
  },
  "name": "freesolv",
  "format": "bandit",
  "target": [
    [
      -1.4661259651184082
    ],
    [
      -0.32693156599998474
    ],
    [
      0.2374638020992279
    ],
    [
      0.7862538695335388
    ],
    [
      1.509304165840149
    ]
  ],
  "epsilon": 0.2744
}