{
  "global": {
    "random_state": 26,
    "max_iter": 200
  },
  "name": "hartmann",
  "format": "surface",
  "target": [
    [
      -3.1923385873892296
    ],
    [
      -2.3175897132244083
    ],
    [
      -1.512856639606825
    ],
    [
      -0.7315480468437954
    ],
    [
      -0.19768545623467626
    ]
  ],
  "epsilon": 0.2669,
  "output_standardized": false
}