{
  "global": {
    "random_state": 26,
    "max_iter": 200
  },
  "name": "layeb06",
  "format": "surface",
  "target": [
    [
      7.882930703364384
    ],
    [
      8.269453205411507
    ],
    [
      8.554677177262956
    ],
    [
      8.819545556359198
    ],
    [
      9.11755850276323
    ]
  ],
  "epsilon": 0.1324,
  "output_standardized": false
}