{
  "global": {
    "random_state": 26,
    "max_iter": 200
  },
  "name": "lipo",
  "format": "bandit",
  "target": [
    [
      -2.0034124851226807
    ],
    [
      -0.9955453276634216
    ],
    [
      -0.22923323512077332
    ],
    [
      0.4287956953048706
    ],
    [
      1.0868245363235474
    ]
  ],
  "epsilon": 0.329
}