{
  "global": {
    "random_state": 26,
    "max_iter": 200
  },
  "name": "nanoparticle",
  "format": "bandit",
  "target": [
    [
      -1.4833931922912598,
      -0.3989601731300354
    ],
    [
      -0.5481000542640686,
      0.5211998820304871
    ],
    [
      0.35976865887641907,
      -1.3668767213821411
    ],
    [
      0.3892571032047272,
      1.0567188262939453
    ],
    [
      0.8899919986724854,
      -0.03153805062174797
    ]
  ],
  "epsilon": 0.5398
}