{
  "global": {
    "random_state": 26,
    "max_iter": 200
  },
  "name": "propensity",
  "format": "bandit",
  "target": [
    [
      -0.7779626250267029,
      -0.6456324458122253,
      0.2414485514163971
    ],
    [
      -0.6603436470031738,
      0.3966219425201416,
      0.23258014023303986
    ],
    [
      -0.5021181702613831,
      1.4827696084976196,
      0.24176564812660217
    ],
    [
      1.1126919984817505,
      -0.909581184387207,
      0.04472210258245468
    ],
    [
      2.082698345184326,
      0.573925793170929,
      -2.9925858974456787
    ]
  ],
  "epsilon": 0.5245
}