{
  "global": {
    "random_state": 26,
    "max_iter": 200
  },
  "name": "qm9",
  "format": "bandit",
  "target": [
    [
      -1.095499873161316,
      -1.0789802074432373
    ],
    [
      -0.17085711658000946,
      0.1762308031320572
    ],
    [
      0.005050907842814922,
      1.3121007680892944
    ],
    [
      0.11781217157840729,
      -0.8104630708694458
    ],
    [
      1.443886160850525,
      0.12934686243534088
    ]
  ],
  "epsilon": 0.514
}