{
  "global": {
    "random_state": 26,
    "max_iter": 200
  },
  "name": "tddft",
  "format": "bandit",
  "target": [
    [
      0.2461538477412164,
      0.08824317572318258,
      0.9385553223822144,
      0.0,
      0.317791415705396
    ],
    [
      0.3470366282343547,
      0.09945283587899001,
      0.9193590366387909,
      0.06860892794799205,
      0.7700452021084265
    ],
    [
      0.43611643985714715,
      0.0,
      0.317791415705396,
      0.0,
      0.317791415705396
    ],
    [
      0.46085699960988447,
      0.04268903437873168,
      0.7880309023200723,
      0.027576032384289812,
      0.9430426290040358
    ],
    [
      0.4683841531111681,
      0.06961111739506944,
      0.8380312805460645,
      0.0,
      0.317791415705396
    ]
  ],
  "epsilon": 0.1223
}