{
  "global": {
    "random_state": 26,
    "max_iter": 200
  },
  "name": "tddft",
  "format": "bandit",
  "target": [
    [
      0.2537669344382396,
      0.12441943792041461,
      0.9412681197681214,
      0.0,
      0.3243243243243243,
      0.0,
      0.3243243243243243,
      0.0,
      0.3243243243243243
    ],
    [
      0.37346820065502434,
      0.10069899029827659,
      0.9528095425073669,
      0.08752733939614737,
      0.7572164238333189,
      0.0,
      0.3243243243243243,
      0.0,
      0.3243243243243243
    ],
    [
      0.44803411839048846,
      0.06187232528819491,
      0.7694654833562418,
      0.04960076656270613,
      0.9213443213961063,
      0.0,
      0.3243243243243243,
      0.0,
      0.3243243243243243
    ],
    [
      0.49939789399101453,
      0.04537161608986951,
      0.9437918028640088,
      0.0,
      0.3243243243243243,
      0.0,
      0.3243243243243243,
      0.0,
      0.3243243243243243
    ],
    [
      0.7391856023782717,
      0.0,
      0.3243243243243243,
      0.0,
      0.3243243243243243,
      0.0,
      0.3243243243243243,
      0.0,
      0.3243243243243243
    ]
  ],
  "epsilon": 0.129
}