{
  "global": {
    "random_state": 26,
    "max_iter": 200
  },
  "name": "toporg",
  "format": "bandit",
  "target": [
    [
      -1.2108861207962036
    ],
    [
      -0.6313539743423462
    ],
    [
      0.2195744663476944
    ],
    [
      0.7200974822044373
    ],
    [
      1.3046013116836548
    ]
  ],
  "epsilon": 0.2503
}